{
  "classification_report": {
    "0": {
      "precision": 0.9118483412322275,
      "recall": 0.939453125,
      "f1-score": 0.9254449254449254,
      "support": 1024.0
    },
    "1": {
      "precision": 0.9335476956055734,
      "recall": 0.9035269709543569,
      "f1-score": 0.9182920400632578,
      "support": 964.0
    },
    "accuracy": 0.9220321931589537,
    "macro avg": {
      "precision": 0.9226980184189004,
      "recall": 0.9214900479771784,
      "f1-score": 0.9218684827540916,
      "support": 1988.0
    },
    "weighted avg": {
      "precision": 0.922370563373025,
      "recall": 0.9220321931589537,
      "f1-score": 0.9219764236803744,
      "support": 1988.0
    }
  },
  "roc_auc": 0.9730320847380705,
  "confusion_matrix": [
    [
      962,
      62
    ],
    [
      93,
      871
    ]
  ]
}