{
  "classification_report": {
    "0": {
      "precision": 0.9197416974169742,
      "recall": 0.9736328125,
      "f1-score": 0.9459203036053131,
      "support": 1024.0
    },
    "1": {
      "precision": 0.9701327433628318,
      "recall": 0.9097510373443983,
      "f1-score": 0.9389721627408993,
      "support": 964.0
    },
    "accuracy": 0.9426559356136821,
    "macro avg": {
      "precision": 0.944937220389903,
      "recall": 0.9416919249221991,
      "f1-score": 0.9424462331731063,
      "support": 1988.0
    },
    "weighted avg": {
      "precision": 0.9441767921311628,
      "recall": 0.9426559356136821,
      "f1-score": 0.9425510843933942,
      "support": 1988.0
    }
  },
  "roc_auc": 0.9878496985217844,
  "confusion_matrix": [
    [
      997,
      27
    ],
    [
      87,
      877
    ]
  ]
}