{
  "classification_report": {
    "0": {
      "precision": 0.9240037071362373,
      "recall": 0.9736328125,
      "f1-score": 0.9481692819781264,
      "support": 1024.0
    },
    "1": {
      "precision": 0.9702970297029703,
      "recall": 0.9149377593360996,
      "f1-score": 0.9418045915643353,
      "support": 964.0
    },
    "accuracy": 0.9451710261569416,
    "macro avg": {
      "precision": 0.9471503684196038,
      "recall": 0.9442852859180497,
      "f1-score": 0.9449869367712309,
      "support": 1988.0
    },
    "weighted avg": {
      "precision": 0.9464517770327818,
      "recall": 0.9451710261569416,
      "f1-score": 0.9450829834072538,
      "support": 1988.0
    }
  },
  "roc_auc": 0.9879013631353735,
  "confusion_matrix": [
    [
      997,
      27
    ],
    [
      82,
      882
    ]
  ]
}